{
  "watershed": 100,
  "rateListDetail": [
    {
      "date": "2021.01.15",
      "shareInfo": null,
      "showDepositIcon": false,
      "o2oRate": null,
      "payTime": null,
      "mainTradeId": 0,
      "raterType": 0,
      "validscore": 0,
      "video": null,
      "photos": [],
      "content": "很喜欢，手机很漂亮，尺寸略大。",
      "rateId": 1119454434850,
      "spuRatting": [],
      "auction": {
        "XID": "",
        "thumbnail": "",
        "link": "//item.taobao.com/auction/item_detail.htm?item_num_id=630289014447",
        "auctionPic": "",
        "auctionPrice": 6999,
        "sku": "网络类型:SA/NSA双模(5G)&nbsp;&nbsp机身颜色:亮黑色&nbsp;&nbsp套餐类型:官方标配&nbsp;&nbsp存储容量:8+256GB",
        "title": "【礼遇价】【25日0点限时抢购】华为/HUAWEI Mate 40 Pro 5nm麒麟9000旗舰SoC芯片超感知徕",
        "aucNumId": "630289014447"
      },
      "award": "",
      "rate": "此用户没有填写评价。",
      "creditFraudRule": 0,
      "appendCanExplainable": false,
      "from": "",
      "tag": "",
      "propertiesAvg": "",
      "reply": null,
      "dayAfterConfirm": 0,
      "lastModifyFrom": 0,
      "bidPriceMoney": null,
      "noQna": false,
      "promotionType": "",
      "vicious": "",
      "enableSNS": false,
      "appendList": [],
      "XID": "",
      "buyAmount": 0,
      "showCuIcon": false,
      "serviceRate": null,
      "useful": 0,
      "user": {
        "nick": "q******5",
        "vipLevel": 4,
        "displayRatePic": "b_blue_3.gif",
        "nickUrl": "",
        "creditPic": "",
        "anony": true,
        "rank": 1393,
        "avatar": "//assets.alicdn.com/app/sns/img/default/avatar-40.png",
        "vip": "b_red_1.gif",
        "userId": "",
        "rankUrl": ""
      },
      "append": null,
      "tradeId": ""
    },
    {
      "date": "2021.01.15",
      "shareInfo": null,
      "showDepositIcon": false,
      "o2oRate": null,
      "payTime": null,
      "mainTradeId": 0,
      "raterType": 0,
      "validscore": 0,
      "video": null,
      "photos": [],
      "content": "可以说是当天达了，因为当天不在家，让快递第二天送了。音质很好，每天带偶尔没及时扶一下结果掉了😭。音质不错，很喜欢银色。充电很快，买之前很纠结最后下定决心买了，有活动的时候999买的很合适。但是我没找到找寻耳机的app，这个希望技术有待提高，丢了有机会能找回来 续航能力：我还没耗尽电的时候感觉续航不错 佩戴感受：佩戴不难受 ",
      "rateId": 1119454334732,
      "spuRatting": [],
      "auction": {
        "XID": "",
        "thumbnail": "",
        "link": "//item.taobao.com/auction/item_detail.htm?item_num_id=627131027231",
        "auctionPic": "",
        "auctionPrice": 1099,
        "sku": "套餐类型:官方标配&nbsp;&nbsp颜色分类:冰霜银",
        "title": "【官方正品】华为FreeBuds Pro无线蓝牙耳机有线充主动降噪骨声纹",
        "aucNumId": "627131027231"
      },
      "award": "",
      "rate": "此用户没有填写评价。",
      "creditFraudRule": 0,
      "appendCanExplainable": false,
      "from": "",
      "tag": "",
      "propertiesAvg": "",
      "reply": null,
      "dayAfterConfirm": 0,
      "lastModifyFrom": 0,
      "bidPriceMoney": null,
      "noQna": false,
      "promotionType": "",
      "vicious": "",
      "enableSNS": false,
      "appendList": [],
      "XID": "",
      "buyAmount": 0,
      "showCuIcon": false,
      "serviceRate": null,
      "useful": 0,
      "user": {
        "nick": "d******g",
        "vipLevel": 0,
        "displayRatePic": "b_blue_1.gif",
        "nickUrl": "",
        "creditPic": "",
        "anony": true,
        "rank": 457,
        "avatar": "//assets.alicdn.com/app/sns/img/default/avatar-40.png",
        "vip": "",
        "userId": "",
        "rankUrl": ""
      },
      "append": null,
      "tradeId": ""
    },
    {
      "date": "2021.01.15",
      "shareInfo": null,
      "showDepositIcon": false,
      "o2oRate": null,
      "payTime": null,
      "mainTradeId": 0,
      "raterType": 0,
      "validscore": 0,
      "video": null,
      "photos": [],
      "content": "在预期内发货的，快递挺快的，给家人买的，用着还不错，整体还不错，挺满意的，颜色也很漂亮",
      "rateId": 1119454130633,
      "spuRatting": [],
      "auction": {
        "XID": "",
        "thumbnail": "",
        "link": "//item.taobao.com/auction/item_detail.htm?item_num_id=633665800647",
        "auctionPic": "",
        "auctionPrice": 3249,
        "sku": "网络类型:SA/NSA双模(5G)&nbsp;&nbsp机身颜色:普罗旺斯&nbsp;&nbsp套餐类型:官方标配&nbsp;&nbsp存储容量:8+128GB",
        "title": "【预定优惠50】Huawei/华为nova 8麒麟芯片66W超级快充90Hz曲面屏5g手机华为手机华为官方旗舰店华为",
        "aucNumId": "633665800647"
      },
      "award": "",
      "rate": "此用户没有填写评价。",
      "creditFraudRule": 0,
      "appendCanExplainable": false,
      "from": "",
      "tag": "",
      "propertiesAvg": "",
      "reply": null,
      "dayAfterConfirm": 0,
      "lastModifyFrom": 0,
      "bidPriceMoney": null,
      "noQna": false,
      "promotionType": "",
      "vicious": "",
      "enableSNS": false,
      "appendList": [],
      "XID": "",
      "buyAmount": 0,
      "showCuIcon": false,
      "serviceRate": null,
      "useful": 0,
      "user": {
        "nick": "l******油",
        "vipLevel": 2,
        "displayRatePic": "b_red_5.gif",
        "nickUrl": "",
        "creditPic": "",
        "anony": true,
        "rank": 244,
        "avatar": "//assets.alicdn.com/app/sns/img/default/avatar-40.png",
        "vip": "",
        "userId": "",
        "rankUrl": ""
      },
      "append": null,
      "tradeId": ""
    },
    {
      "date": "2021.01.15",
      "shareInfo": null,
      "showDepositIcon": false,
      "o2oRate": null,
      "payTime": null,
      "mainTradeId": 0,
      "raterType": 0,
      "validscore": 0,
      "video": null,
      "photos": [],
      "content": "高端大气，功能多，赞！",
      "rateId": 1118635120831,
      "spuRatting": [],
      "auction": {
        "XID": "",
        "thumbnail": "",
        "link": "//item.taobao.com/auction/item_detail.htm?item_num_id=628318583027",
        "auctionPic": "",
        "auctionPrice": 2688,
        "sku": "表系列:黑色&nbsp;&nbsp表壳尺寸:46mm",
        "title": "【新品上市】华为/HUAWEI WATCH GT 2 Pro ECG款记录精准心电图数据 专家解读 血氧监测",
        "aucNumId": "628318583027"
      },
      "award": "",
      "rate": "此用户没有填写评价。",
      "creditFraudRule": 0,
      "appendCanExplainable": false,
      "from": "",
      "tag": "",
      "propertiesAvg": "",
      "reply": null,
      "dayAfterConfirm": 0,
      "lastModifyFrom": 0,
      "bidPriceMoney": null,
      "noQna": false,
      "promotionType": "",
      "vicious": "",
      "enableSNS": false,
      "appendList": [],
      "XID": "",
      "buyAmount": 0,
      "showCuIcon": false,
      "serviceRate": null,
      "useful": 0,
      "user": {
        "nick": "t******2",
        "vipLevel": 0,
        "displayRatePic": "",
        "nickUrl": "",
        "creditPic": "",
        "anony": true,
        "rank": 3,
        "avatar": "//assets.alicdn.com/app/sns/img/default/avatar-40.png",
        "vip": "",
        "userId": "",
        "rankUrl": ""
      },
      "append": null,
      "tradeId": ""
    },
    {
      "date": "2021.01.15",
      "shareInfo": null,
      "showDepositIcon": false,
      "o2oRate": null,
      "payTime": null,
      "mainTradeId": 0,
      "raterType": 0,
      "validscore": 0,
      "video": null,
      "photos": [],
      "content": "发货很快，上海仓发江苏，顺丰隔日达！包装完好，带气囊带。屏幕清晰度ok. 家里手机 机顶盒 路由器都是华为。支持华为。 ",
      "rateId": 1119815007627,
      "spuRatting": [],
      "auction": {
        "XID": "",
        "thumbnail": "",
        "link": "//item.taobao.com/auction/item_detail.htm?item_num_id=597209119374",
        "auctionPic": "",
        "auctionPrice": 2199,
        "sku": "颜色分类:香槟金&nbsp;&nbsp网络类型:WIFI&nbsp;&nbsp存储容量:128GB&nbsp;&nbsp套餐类型:官方标配",
        "title": "Huawei/华为 平板M6 8.4英寸平板电脑鲜活画质立体音效哈曼卡顿调音 持久续航 PAD",
        "aucNumId": "597209119374"
      },
      "award": "",
      "rate": "此用户没有填写评价。",
      "creditFraudRule": 0,
      "appendCanExplainable": false,
      "from": "",
      "tag": "",
      "propertiesAvg": "",
      "reply": null,
      "dayAfterConfirm": 0,
      "lastModifyFrom": 0,
      "bidPriceMoney": null,
      "noQna": false,
      "promotionType": "",
      "vicious": "",
      "enableSNS": false,
      "appendList": [],
      "XID": "",
      "buyAmount": 0,
      "showCuIcon": false,
      "serviceRate": null,
      "useful": 0,
      "user": {
        "nick": "z******z",
        "vipLevel": 0,
        "displayRatePic": "b_blue_2.gif",
        "nickUrl": "",
        "creditPic": "",
        "anony": true,
        "rank": 515,
        "avatar": "//assets.alicdn.com/app/sns/img/default/avatar-40.png",
        "vip": "",
        "userId": "",
        "rankUrl": ""
      },
      "append": null,
      "tradeId": ""
    },
    {
      "date": "2021.01.15",
      "shareInfo": null,
      "showDepositIcon": false,
      "o2oRate": null,
      "payTime": null,
      "mainTradeId": 0,
      "raterType": 0,
      "validscore": 0,
      "video": null,
      "photos": [],
      "content": "✨手机没有白等，屏幕清晰度也很好，很有质感，手机大小合适，握起来不大不小，曲线屏幕线条美观，拍照支持防抖和变焦，清晰度很高，快充功能很强大，华为的产品很棒，性价比高，运行很流畅，基本没有短板✨ ",
      "rateId": 1119048413803,
      "spuRatting": [],
      "auction": {
        "XID": "",
        "thumbnail": "",
        "link": "//item.taobao.com/auction/item_detail.htm?item_num_id=633665800647",
        "auctionPic": "",
        "auctionPrice": 3249,
        "sku": "网络类型:SA/NSA双模(5G)&nbsp;&nbsp机身颜色:亮黑色&nbsp;&nbsp套餐类型:官方标配&nbsp;&nbsp存储容量:8+128GB",
        "title": "【预定优惠50】Huawei/华为nova 8麒麟芯片66W超级快充90Hz曲面屏5g手机华为手机华为官方旗舰店华为",
        "aucNumId": "633665800647"
      },
      "award": "",
      "rate": "此用户没有填写评价。",
      "creditFraudRule": 0,
      "appendCanExplainable": false,
      "from": "",
      "tag": "",
      "propertiesAvg": "",
      "reply": null,
      "dayAfterConfirm": 0,
      "lastModifyFrom": 0,
      "bidPriceMoney": null,
      "noQna": false,
      "promotionType": "",
      "vicious": "",
      "enableSNS": false,
      "appendList": [],
      "XID": "",
      "buyAmount": 0,
      "showCuIcon": false,
      "serviceRate": null,
      "useful": 0,
      "user": {
        "nick": "九******散",
        "vipLevel": 1,
        "displayRatePic": "b_blue_1.gif",
        "nickUrl": "",
        "creditPic": "",
        "anony": true,
        "rank": 432,
        "avatar": "//assets.alicdn.com/app/sns/img/default/avatar-40.png",
        "vip": "",
        "userId": "",
        "rankUrl": ""
      },
      "append": null,
      "tradeId": ""
    },
    {
      "date": "2021.01.15",
      "shareInfo": null,
      "showDepositIcon": false,
      "o2oRate": null,
      "payTime": null,
      "mainTradeId": 0,
      "raterType": 0,
      "validscore": 0,
      "video": null,
      "photos": [],
      "content": "就是发货时间太久了",
      "rateId": 1119814907497,
      "spuRatting": [],
      "auction": {
        "XID": "",
        "thumbnail": "",
        "link": "//item.taobao.com/auction/item_detail.htm?item_num_id=630289014447",
        "auctionPic": "",
        "auctionPrice": 6999,
        "sku": "网络类型:SA/NSA双模(5G)&nbsp;&nbsp机身颜色:亮黑色&nbsp;&nbsp套餐类型:官方标配&nbsp;&nbsp存储容量:8+256GB",
        "title": "【礼遇价】【25日0点限时抢购】华为/HUAWEI Mate 40 Pro 5nm麒麟9000旗舰SoC芯片超感知徕",
        "aucNumId": "630289014447"
      },
      "award": "",
      "rate": "此用户没有填写评价。",
      "creditFraudRule": 0,
      "appendCanExplainable": false,
      "from": "",
      "tag": "",
      "propertiesAvg": "",
      "reply": null,
      "dayAfterConfirm": 0,
      "lastModifyFrom": 0,
      "bidPriceMoney": null,
      "noQna": false,
      "promotionType": "",
      "vicious": "",
      "enableSNS": false,
      "appendList": [],
      "XID": "",
      "buyAmount": 0,
      "showCuIcon": false,
      "serviceRate": null,
      "useful": 0,
      "user": {
        "nick": "x******9",
        "vipLevel": 3,
        "displayRatePic": "b_blue_1.gif",
        "nickUrl": "",
        "creditPic": "",
        "anony": true,
        "rank": 413,
        "avatar": "//assets.alicdn.com/app/sns/img/default/avatar-40.png",
        "vip": "",
        "userId": "",
        "rankUrl": ""
      },
      "append": null,
      "tradeId": ""
    },
    {
      "date": "2021.01.15",
      "shareInfo": null,
      "showDepositIcon": false,
      "o2oRate": null,
      "payTime": null,
      "mainTradeId": 0,
      "raterType": 0,
      "validscore": 0,
      "video": null,
      "photos": [],
      "content": "❤️❤️❤️❤️❤️❤️",
      "rateId": 1119814743550,
      "spuRatting": [],
      "auction": {
        "XID": "",
        "thumbnail": "",
        "link": "//item.taobao.com/auction/item_detail.htm?item_num_id=634055546378",
        "auctionPic": "",
        "auctionPrice": 4999,
        "sku": "网络类型:SA/NSA双模(5G)&nbsp;&nbsp机身颜色:亮黑色&nbsp;&nbsp套餐类型:官方标配&nbsp;&nbsp存储容量:8+128GB",
        "title": "【礼遇价】【新品上市】华为/HUAWEI Mate 40 5nm麒麟9000E 5G SoC旗舰芯片超感知徕卡影像华",
        "aucNumId": "634055546378"
      },
      "award": "",
      "rate": "此用户没有填写评价。",
      "creditFraudRule": 0,
      "appendCanExplainable": false,
      "from": "",
      "tag": "",
      "propertiesAvg": "",
      "reply": null,
      "dayAfterConfirm": 0,
      "lastModifyFrom": 0,
      "bidPriceMoney": null,
      "noQna": false,
      "promotionType": "",
      "vicious": "",
      "enableSNS": false,
      "appendList": [],
      "XID": "",
      "buyAmount": 0,
      "showCuIcon": false,
      "serviceRate": null,
      "useful": 0,
      "user": {
        "nick": "一******鞋",
        "vipLevel": 1,
        "displayRatePic": "b_blue_1.gif",
        "nickUrl": "",
        "creditPic": "",
        "anony": true,
        "rank": 255,
        "avatar": "//assets.alicdn.com/app/sns/img/default/avatar-40.png",
        "vip": "",
        "userId": "",
        "rankUrl": ""
      },
      "append": null,
      "tradeId": ""
    },
    {
      "date": "2021.01.15",
      "shareInfo": null,
      "showDepositIcon": false,
      "o2oRate": null,
      "payTime": null,
      "mainTradeId": 0,
      "raterType": 0,
      "validscore": 0,
      "video": null,
      "photos": [],
      "content": "用了一段时间，系统流畅，续航不错。",
      "rateId": 1119453586514,
      "spuRatting": [],
      "auction": {
        "XID": "",
        "thumbnail": "",
        "link": "//item.taobao.com/auction/item_detail.htm?item_num_id=634055546378",
        "auctionPic": "",
        "auctionPrice": 4999,
        "sku": "网络类型:SA/NSA双模(5G)&nbsp;&nbsp机身颜色:釉白色&nbsp;&nbsp套餐类型:官方标配&nbsp;&nbsp存储容量:8+128GB",
        "title": "【新品上市】华为/HUAWEI Mate 40 5nm麒麟9000E 5G SoC旗舰芯片超感知徕卡影像华为手机华为",
        "aucNumId": "634055546378"
      },
      "award": "",
      "rate": "此用户没有填写评价。",
      "creditFraudRule": 0,
      "appendCanExplainable": false,
      "from": "",
      "tag": "",
      "propertiesAvg": "",
      "reply": null,
      "dayAfterConfirm": 0,
      "lastModifyFrom": 0,
      "bidPriceMoney": null,
      "noQna": false,
      "promotionType": "",
      "vicious": "",
      "enableSNS": false,
      "appendList": [],
      "XID": "",
      "buyAmount": 0,
      "showCuIcon": false,
      "serviceRate": null,
      "useful": 0,
      "user": {
        "nick": "j******4",
        "vipLevel": 1,
        "displayRatePic": "b_red_3.gif",
        "nickUrl": "",
        "creditPic": "",
        "anony": true,
        "rank": 90,
        "avatar": "//assets.alicdn.com/app/sns/img/default/avatar-40.png",
        "vip": "",
        "userId": "",
        "rankUrl": ""
      },
      "append": null,
      "tradeId": ""
    },
    {
      "date": "2021.01.15",
      "shareInfo": null,
      "showDepositIcon": false,
      "o2oRate": null,
      "payTime": null,
      "mainTradeId": 0,
      "raterType": 0,
      "validscore": 0,
      "video": null,
      "photos": [],
      "content": "续航续航续航太差了！！！！用的不多、连着蓝牙也不能续航3天，晚上充满第二天早上就剩90，基本两天一充，剩四十几的电出个门在拿出来就连不上了",
      "rateId": 1119814683388,
      "spuRatting": [],
      "auction": {
        "XID": "",
        "thumbnail": "",
        "link": "//item.taobao.com/auction/item_detail.htm?item_num_id=617107082004",
        "auctionPic": "",
        "auctionPrice": 599,
        "sku": "颜色分类:亮银色",
        "title": "Huawei/华为 M-Pencil 手写笔套装 适用于 MatePad及MatePad Pro",
        "aucNumId": "617107082004"
      },
      "award": "",
      "rate": "此用户没有填写评价。",
      "creditFraudRule": 0,
      "appendCanExplainable": false,
      "from": "",
      "tag": "",
      "propertiesAvg": "",
      "reply": null,
      "dayAfterConfirm": 0,
      "lastModifyFrom": 0,
      "bidPriceMoney": null,
      "noQna": false,
      "promotionType": "",
      "vicious": "",
      "enableSNS": false,
      "appendList": [],
      "XID": "",
      "buyAmount": 0,
      "showCuIcon": false,
      "serviceRate": null,
      "useful": 0,
      "user": {
        "nick": "t******8",
        "vipLevel": 0,
        "displayRatePic": "b_blue_1.gif",
        "nickUrl": "",
        "creditPic": "",
        "anony": true,
        "rank": 377,
        "avatar": "//assets.alicdn.com/app/sns/img/default/avatar-40.png",
        "vip": "",
        "userId": "",
        "rankUrl": ""
      },
      "append": null,
      "tradeId": ""
    },
    {
      "date": "2021.01.15",
      "shareInfo": null,
      "showDepositIcon": false,
      "o2oRate": null,
      "payTime": null,
      "mainTradeId": 0,
      "raterType": 0,
      "validscore": 0,
      "video": null,
      "photos": [],
      "content": "拍照效果：像素非常棒～ 电池续航：玩一整天没有问题～快速充电也是棒棒哒🎉 通信音质：音效很棒，听音乐的效果赞赞赞👍 运行速度：运行非常顺畅，手感也特别棒<br/>\n 其他特色：给男朋友买的手机做为生日礼物～到货后自己先打开感受了一下，真的被华为惊艳到了，手感超棒，速度也特别快～爱了～男朋友拿到手机以后也是爱不释手～超级喜欢💕以后就让他用这个手机给我拍照啦 ",
      "rateId": 1118634832998,
      "spuRatting": [],
      "auction": {
        "XID": "",
        "thumbnail": "",
        "link": "//item.taobao.com/auction/item_detail.htm?item_num_id=634055546378",
        "auctionPic": "",
        "auctionPrice": 4999,
        "sku": "网络类型:SA/NSA双模(5G)&nbsp;&nbsp机身颜色:亮黑色&nbsp;&nbsp套餐类型:官方标配&nbsp;&nbsp存储容量:8+128GB",
        "title": "【礼遇价】【新品上市】华为/HUAWEI Mate 40 5nm麒麟9000E 5G SoC旗舰芯片超感知徕卡影像华",
        "aucNumId": "634055546378"
      },
      "award": "",
      "rate": "此用户没有填写评价。",
      "creditFraudRule": 0,
      "appendCanExplainable": false,
      "from": "",
      "tag": "",
      "propertiesAvg": "",
      "reply": null,
      "dayAfterConfirm": 0,
      "lastModifyFrom": 0,
      "bidPriceMoney": null,
      "noQna": false,
      "promotionType": "",
      "vicious": "",
      "enableSNS": false,
      "appendList": [],
      "XID": "",
      "buyAmount": 0,
      "showCuIcon": false,
      "serviceRate": null,
      "useful": 0,
      "user": {
        "nick": "心******淘",
        "vipLevel": 0,
        "displayRatePic": "b_red_3.gif",
        "nickUrl": "",
        "creditPic": "",
        "anony": true,
        "rank": 67,
        "avatar": "//assets.alicdn.com/app/sns/img/default/avatar-40.png",
        "vip": "",
        "userId": "",
        "rankUrl": ""
      },
      "append": null,
      "tradeId": ""
    },
    {
      "date": "2021.01.15",
      "shareInfo": null,
      "showDepositIcon": false,
      "o2oRate": null,
      "payTime": null,
      "mainTradeId": 0,
      "raterType": 0,
      "validscore": 0,
      "video": null,
      "photos": [],
      "content": "不错，很好用，就是发货慢了点白色的很好看 ",
      "rateId": 1118634816790,
      "spuRatting": [],
      "auction": {
        "XID": "",
        "thumbnail": "",
        "link": "//item.taobao.com/auction/item_detail.htm?item_num_id=634055546378",
        "auctionPic": "",
        "auctionPrice": 5499,
        "sku": "网络类型:SA/NSA双模(5G)&nbsp;&nbsp机身颜色:釉白色&nbsp;&nbsp套餐类型:官方标配&nbsp;&nbsp存储容量:8+256GB",
        "title": "【新品上市】华为/HUAWEI Mate 40 5nm麒麟9000E 5G SoC旗舰芯片超感知徕卡影像华为手机华为",
        "aucNumId": "634055546378"
      },
      "award": "",
      "rate": "此用户没有填写评价。",
      "creditFraudRule": 0,
      "appendCanExplainable": false,
      "from": "",
      "tag": "",
      "propertiesAvg": "",
      "reply": null,
      "dayAfterConfirm": 0,
      "lastModifyFrom": 0,
      "bidPriceMoney": null,
      "noQna": false,
      "promotionType": "",
      "vicious": "",
      "enableSNS": false,
      "appendList": [],
      "XID": "",
      "buyAmount": 0,
      "showCuIcon": false,
      "serviceRate": null,
      "useful": 0,
      "user": {
        "nick": "薄******8",
        "vipLevel": 2,
        "displayRatePic": "b_blue_2.gif",
        "nickUrl": "",
        "creditPic": "",
        "anony": true,
        "rank": 702,
        "avatar": "//assets.alicdn.com/app/sns/img/default/avatar-40.png",
        "vip": "",
        "userId": "",
        "rankUrl": ""
      },
      "append": null,
      "tradeId": ""
    },
    {
      "date": "2021.01.15",
      "shareInfo": null,
      "showDepositIcon": false,
      "o2oRate": null,
      "payTime": null,
      "mainTradeId": 0,
      "raterType": 0,
      "validscore": 0,
      "video": null,
      "photos": [],
      "content": "五星好评，感谢华为，国家栋梁 ",
      "rateId": 1118634660977,
      "spuRatting": [],
      "auction": {
        "XID": "",
        "thumbnail": "",
        "link": "//item.taobao.com/auction/item_detail.htm?item_num_id=617860298023",
        "auctionPic": "",
        "auctionPrice": 1899,
        "sku": "网络类型:SA/NSA双模(5G)&nbsp;&nbsp机身颜色:深海蓝&nbsp;&nbsp套餐类型:官方标配&nbsp;&nbsp存储容量:6+128GB",
        "title": "【限时优惠50】Huawei/华为畅享Z 5G双模90Hz畅滑屏手机畅享z智能手机华为手机华为官方旗舰店",
        "aucNumId": "617860298023"
      },
      "award": "",
      "rate": "此用户没有填写评价。",
      "creditFraudRule": 0,
      "appendCanExplainable": false,
      "from": "",
      "tag": "",
      "propertiesAvg": "",
      "reply": null,
      "dayAfterConfirm": 0,
      "lastModifyFrom": 0,
      "bidPriceMoney": null,
      "noQna": false,
      "promotionType": "",
      "vicious": "",
      "enableSNS": false,
      "appendList": [],
      "XID": "",
      "buyAmount": 0,
      "showCuIcon": false,
      "serviceRate": null,
      "useful": 0,
      "user": {
        "nick": "9******乖",
        "vipLevel": 2,
        "displayRatePic": "b_blue_2.gif",
        "nickUrl": "",
        "creditPic": "",
        "anony": true,
        "rank": 935,
        "avatar": "//assets.alicdn.com/app/sns/img/default/avatar-40.png",
        "vip": "",
        "userId": "",
        "rankUrl": ""
      },
      "append": null,
      "tradeId": ""
    },
    {
      "date": "2021.01.15",
      "shareInfo": null,
      "showDepositIcon": false,
      "o2oRate": null,
      "payTime": null,
      "mainTradeId": 0,
      "raterType": 0,
      "validscore": 0,
      "video": null,
      "photos": [],
      "content": "超级好用，原来一直以为家里的网速不行，测速才20兆，换上之后直接180兆，简直不要太香，差点冤枉联通，原来200多的TP-LINK简直就是渣渣",
      "rateId": 1119814471414,
      "spuRatting": [],
      "auction": {
        "XID": "",
        "thumbnail": "",
        "link": "//item.taobao.com/auction/item_detail.htm?item_num_id=618032754582",
        "auctionPic": "",
        "auctionPrice": 599,
        "sku": "颜色分类:白色",
        "title": "HUAWEI/华为路由 Q2S 全千兆网口 双频wifi 上网保护 超级网组家用一键Mesh组网",
        "aucNumId": "618032754582"
      },
      "award": "",
      "rate": "此用户没有填写评价。",
      "creditFraudRule": 0,
      "appendCanExplainable": false,
      "from": "",
      "tag": "",
      "propertiesAvg": "",
      "reply": null,
      "dayAfterConfirm": 0,
      "lastModifyFrom": 0,
      "bidPriceMoney": null,
      "noQna": false,
      "promotionType": "",
      "vicious": "",
      "enableSNS": false,
      "appendList": [],
      "XID": "",
      "buyAmount": 0,
      "showCuIcon": false,
      "serviceRate": null,
      "useful": 0,
      "user": {
        "nick": "t******8",
        "vipLevel": 2,
        "displayRatePic": "b_red_5.gif",
        "nickUrl": "",
        "creditPic": "",
        "anony": true,
        "rank": 203,
        "avatar": "//assets.alicdn.com/app/sns/img/default/avatar-40.png",
        "vip": "",
        "userId": "",
        "rankUrl": ""
      },
      "append": null,
      "tradeId": ""
    },
    {
      "date": "2021.01.15",
      "shareInfo": null,
      "showDepositIcon": false,
      "o2oRate": null,
      "payTime": null,
      "mainTradeId": 0,
      "raterType": 0,
      "validscore": 0,
      "video": null,
      "photos": [],
      "content": "好评，支持华为，支持国产。爱国用华为，支持 ",
      "rateId": 1119453358257,
      "spuRatting": [],
      "auction": {
        "XID": "",
        "thumbnail": "",
        "link": "//item.taobao.com/auction/item_detail.htm?item_num_id=613832301513",
        "auctionPic": "",
        "auctionPrice": 4488,
        "sku": "网络类型:SA/NSA双模(5G)&nbsp;&nbsp机身颜色:亮黑色&nbsp;&nbsp套餐类型:官方标配&nbsp;&nbsp存储容量:8+128GB",
        "title": "【狂欢价】【限时抢购】华为/HUAWEI P40 | 5GSoC芯片超感知徕卡三摄华为p40 5g手机华为官方旗舰店",
        "aucNumId": "613832301513"
      },
      "award": "",
      "rate": "此用户没有填写评价。",
      "creditFraudRule": 0,
      "appendCanExplainable": false,
      "from": "",
      "tag": "",
      "propertiesAvg": "",
      "reply": null,
      "dayAfterConfirm": 0,
      "lastModifyFrom": 0,
      "bidPriceMoney": null,
      "noQna": false,
      "promotionType": "",
      "vicious": "",
      "enableSNS": false,
      "appendList": [],
      "XID": "",
      "buyAmount": 0,
      "showCuIcon": false,
      "serviceRate": null,
      "useful": 0,
      "user": {
        "nick": "9******乖",
        "vipLevel": 2,
        "displayRatePic": "b_blue_2.gif",
        "nickUrl": "",
        "creditPic": "",
        "anony": true,
        "rank": 935,
        "avatar": "//assets.alicdn.com/app/sns/img/default/avatar-40.png",
        "vip": "",
        "userId": "",
        "rankUrl": ""
      },
      "append": null,
      "tradeId": ""
    },
    {
      "date": "2021.01.15",
      "shareInfo": null,
      "showDepositIcon": false,
      "o2oRate": null,
      "payTime": null,
      "mainTradeId": 0,
      "raterType": 0,
      "validscore": 0,
      "video": null,
      "photos": [],
      "content": "好用！非常灵敏 很喜欢！",
      "rateId": 1118634684478,
      "spuRatting": [],
      "auction": {
        "XID": "",
        "thumbnail": "",
        "link": "//item.taobao.com/auction/item_detail.htm?item_num_id=562348204898",
        "auctionPic": "",
        "auctionPrice": 169,
        "sku": "颜色分类:黑色",
        "title": "Huawei/华为智能体脂秤精准监测体重家用运动健康电子秤体脂称",
        "aucNumId": "562348204898"
      },
      "award": "",
      "rate": "此用户没有填写评价。",
      "creditFraudRule": 0,
      "appendCanExplainable": false,
      "from": "",
      "tag": "",
      "propertiesAvg": "",
      "reply": null,
      "dayAfterConfirm": 0,
      "lastModifyFrom": 0,
      "bidPriceMoney": null,
      "noQna": false,
      "promotionType": "",
      "vicious": "",
      "enableSNS": false,
      "appendList": [],
      "XID": "",
      "buyAmount": 0,
      "showCuIcon": false,
      "serviceRate": null,
      "useful": 0,
      "user": {
        "nick": "云******2",
        "vipLevel": 1,
        "displayRatePic": "b_blue_1.gif",
        "nickUrl": "",
        "creditPic": "",
        "anony": true,
        "rank": 288,
        "avatar": "//assets.alicdn.com/app/sns/img/default/avatar-40.png",
        "vip": "",
        "userId": "",
        "rankUrl": ""
      },
      "append": null,
      "tradeId": ""
    },
    {
      "date": "2021.01.15",
      "shareInfo": null,
      "showDepositIcon": false,
      "o2oRate": null,
      "payTime": null,
      "mainTradeId": 0,
      "raterType": 0,
      "validscore": 0,
      "video": null,
      "photos": [],
      "content": "手机很好，非常好用啊。",
      "rateId": 1119813331865,
      "spuRatting": [],
      "auction": {
        "XID": "",
        "thumbnail": "",
        "link": "//item.taobao.com/auction/item_detail.htm?item_num_id=630289014447",
        "auctionPic": "",
        "auctionPrice": 6999,
        "sku": "网络类型:SA/NSA双模(5G)&nbsp;&nbsp机身颜色:亮黑色&nbsp;&nbsp套餐类型:官方标配&nbsp;&nbsp存储容量:8+256GB",
        "title": "【礼遇价】【25日0点限时抢购】华为/HUAWEI Mate 40 Pro 5nm麒麟9000旗舰SoC芯片超感知徕",
        "aucNumId": "630289014447"
      },
      "award": "",
      "rate": "此用户没有填写评价。",
      "creditFraudRule": 0,
      "appendCanExplainable": false,
      "from": "",
      "tag": "",
      "propertiesAvg": "",
      "reply": {
        "XID": "",
        "content": "看你一眼，心动千万遍。情意这东西，一见如故容易，难的是来日方长的陪伴。世界那么大，能与你相遇在华为旗舰店，真的好幸运。"
      },
      "dayAfterConfirm": 0,
      "lastModifyFrom": 0,
      "bidPriceMoney": null,
      "noQna": false,
      "promotionType": "",
      "vicious": "",
      "enableSNS": false,
      "appendList": [],
      "XID": "",
      "buyAmount": 0,
      "showCuIcon": false,
      "serviceRate": null,
      "useful": 0,
      "user": {
        "nick": "q******6",
        "vipLevel": 1,
        "displayRatePic": "b_red_3.gif",
        "nickUrl": "",
        "creditPic": "",
        "anony": true,
        "rank": 73,
        "avatar": "//assets.alicdn.com/app/sns/img/default/avatar-40.png",
        "vip": "",
        "userId": "",
        "rankUrl": ""
      },
      "append": null,
      "tradeId": ""
    },
    {
      "date": "2021.01.15",
      "shareInfo": null,
      "showDepositIcon": false,
      "o2oRate": null,
      "payTime": null,
      "mainTradeId": 0,
      "raterType": 0,
      "validscore": 0,
      "video": null,
      "photos": [],
      "content": "是正品，发货也快",
      "rateId": 1118633940751,
      "spuRatting": [],
      "auction": {
        "XID": "",
        "thumbnail": "",
        "link": "//item.taobao.com/auction/item_detail.htm?item_num_id=613832301513",
        "auctionPic": "",
        "auctionPrice": 4488,
        "sku": "网络类型:SA/NSA双模(5G)&nbsp;&nbsp机身颜色:零度白&nbsp;&nbsp套餐类型:官方标配&nbsp;&nbsp存储容量:8+128GB",
        "title": "【限时抢购】华为/HUAWEI P40 | 5GSoC芯片超感知徕卡三摄华为p40 5g手机华为官方旗舰店",
        "aucNumId": "613832301513"
      },
      "award": "",
      "rate": "此用户没有填写评价。",
      "creditFraudRule": 0,
      "appendCanExplainable": false,
      "from": "",
      "tag": "",
      "propertiesAvg": "",
      "reply": {
        "XID": "",
        "content": "您等待的快递小哥总快速向您靠近，但路途遥远且坎坷，还请您不要因此而着急。你看，煎饼果子摊完鸡蛋抹完辣酱洒点芝麻加根油条烤肠，还要等5分钟呢。肉夹馍从火烧烤的酥香到烧肉辣椒葱花剁碎，还要等10分钟呢。就算泡一包方便面，还要等3分钟呢。吃一顿饭都等那么费劲，何况等一个心爱的包裹呢，现今宝贝已如约而至，期待您的使用反馈喔~"
      },
      "dayAfterConfirm": 0,
      "lastModifyFrom": 0,
      "bidPriceMoney": null,
      "noQna": false,
      "promotionType": "",
      "vicious": "",
      "enableSNS": false,
      "appendList": [],
      "XID": "",
      "buyAmount": 0,
      "showCuIcon": false,
      "serviceRate": null,
      "useful": 0,
      "user": {
        "nick": "小******6",
        "vipLevel": 3,
        "displayRatePic": "b_blue_1.gif",
        "nickUrl": "",
        "creditPic": "",
        "anony": true,
        "rank": 252,
        "avatar": "//assets.alicdn.com/app/sns/img/default/avatar-40.png",
        "vip": "",
        "userId": "",
        "rankUrl": ""
      },
      "append": null,
      "tradeId": ""
    },
    {
      "date": "2021.01.15",
      "shareInfo": null,
      "showDepositIcon": false,
      "o2oRate": null,
      "payTime": null,
      "mainTradeId": 0,
      "raterType": 0,
      "validscore": 0,
      "video": null,
      "photos": [],
      "content": "很期待的一次购物 终于收到货了 抢购真的是很心动的 整体来说很喜欢 运行流畅 能很好的匹配各种APP 玩游戏也很给力 充电超级快",
      "rateId": 1119047065835,
      "spuRatting": [],
      "auction": {
        "XID": "",
        "thumbnail": "",
        "link": "//item.taobao.com/auction/item_detail.htm?item_num_id=633665800647",
        "auctionPic": "",
        "auctionPrice": 3699,
        "sku": "网络类型:SA/NSA双模(5G)&nbsp;&nbsp机身颜色:亮黑色&nbsp;&nbsp套餐类型:官方标配&nbsp;&nbsp存储容量:8+256GB",
        "title": "【狂欢价】【新品上市】Huawei/华为nova 8麒麟芯片66W超级快充90Hz曲面屏5g手机华为手机华为官方旗舰",
        "aucNumId": "633665800647"
      },
      "award": "",
      "rate": "此用户没有填写评价。",
      "creditFraudRule": 0,
      "appendCanExplainable": false,
      "from": "",
      "tag": "",
      "propertiesAvg": "",
      "reply": null,
      "dayAfterConfirm": 0,
      "lastModifyFrom": 0,
      "bidPriceMoney": null,
      "noQna": false,
      "promotionType": "",
      "vicious": "",
      "enableSNS": false,
      "appendList": [],
      "XID": "",
      "buyAmount": 0,
      "showCuIcon": false,
      "serviceRate": null,
      "useful": 0,
      "user": {
        "nick": "w******8",
        "vipLevel": 2,
        "displayRatePic": "b_blue_1.gif",
        "nickUrl": "",
        "creditPic": "",
        "anony": true,
        "rank": 357,
        "avatar": "//assets.alicdn.com/app/sns/img/default/avatar-40.png",
        "vip": "",
        "userId": "",
        "rankUrl": ""
      },
      "append": null,
      "tradeId": ""
    },
    {
      "date": "2021.01.15",
      "shareInfo": null,
      "showDepositIcon": false,
      "o2oRate": null,
      "payTime": null,
      "mainTradeId": 0,
      "raterType": 0,
      "validscore": 0,
      "video": null,
      "photos": [],
      "content": "挺好的 ",
      "rateId": 1119813559353,
      "spuRatting": [],
      "auction": {
        "XID": "",
        "thumbnail": "",
        "link": "//item.taobao.com/auction/item_detail.htm?item_num_id=633665800647",
        "auctionPic": "",
        "auctionPrice": 3649,
        "sku": "网络类型:SA/NSA双模(5G)&nbsp;&nbsp机身颜色:亮黑色&nbsp;&nbsp套餐类型:官方标配&nbsp;&nbsp存储容量:8+256GB",
        "title": "【预定优惠50】Huawei/华为nova 8麒麟芯片66W超级快充90Hz曲面屏5g手机华为手机华为官方旗舰店华为",
        "aucNumId": "633665800647"
      },
      "award": "",
      "rate": "此用户没有填写评价。",
      "creditFraudRule": 0,
      "appendCanExplainable": false,
      "from": "",
      "tag": "",
      "propertiesAvg": "",
      "reply": null,
      "dayAfterConfirm": 0,
      "lastModifyFrom": 0,
      "bidPriceMoney": null,
      "noQna": false,
      "promotionType": "",
      "vicious": "",
      "enableSNS": false,
      "appendList": [],
      "XID": "",
      "buyAmount": 0,
      "showCuIcon": false,
      "serviceRate": null,
      "useful": 0,
      "user": {
        "nick": "n******1",
        "vipLevel": 2,
        "displayRatePic": "b_blue_2.gif",
        "nickUrl": "",
        "creditPic": "",
        "anony": true,
        "rank": 661,
        "avatar": "//assets.alicdn.com/app/sns/img/default/avatar-40.png",
        "vip": "",
        "userId": "",
        "rankUrl": ""
      },
      "append": null,
      "tradeId": ""
    },
    {
      "date": "2021.01.15",
      "shareInfo": null,
      "showDepositIcon": false,
      "o2oRate": null,
      "payTime": null,
      "mainTradeId": 0,
      "raterType": 0,
      "validscore": 0,
      "video": null,
      "photos": [],
      "content": "音质还有降噪还可以，但是咱不知道为什么连接总是中途断",
      "rateId": 1119046945827,
      "spuRatting": [],
      "auction": {
        "XID": "",
        "thumbnail": "",
        "link": "//item.taobao.com/auction/item_detail.htm?item_num_id=624163992523",
        "auctionPic": "",
        "auctionPrice": 599,
        "sku": "套餐类型:官方标配&nbsp;&nbsp颜色分类:樱语粉",
        "title": "【新品上市】Huawei/华为 FreeLace Pro降噪长续航快充蓝牙耳机",
        "aucNumId": "624163992523"
      },
      "award": "",
      "rate": "此用户没有填写评价。",
      "creditFraudRule": 0,
      "appendCanExplainable": false,
      "from": "",
      "tag": "",
      "propertiesAvg": "",
      "reply": null,
      "dayAfterConfirm": 0,
      "lastModifyFrom": 0,
      "bidPriceMoney": null,
      "noQna": false,
      "promotionType": "",
      "vicious": "",
      "enableSNS": false,
      "appendList": [],
      "XID": "",
      "buyAmount": 0,
      "showCuIcon": false,
      "serviceRate": null,
      "useful": 0,
      "user": {
        "nick": "刘******默",
        "vipLevel": 1,
        "displayRatePic": "b_red_4.gif",
        "nickUrl": "",
        "creditPic": "",
        "anony": true,
        "rank": 123,
        "avatar": "//assets.alicdn.com/app/sns/img/default/avatar-40.png",
        "vip": "",
        "userId": "",
        "rankUrl": ""
      },
      "append": null,
      "tradeId": ""
    },
    {
      "date": "2021.01.15",
      "shareInfo": null,
      "showDepositIcon": false,
      "o2oRate": null,
      "payTime": null,
      "mainTradeId": 0,
      "raterType": 0,
      "validscore": 0,
      "video": null,
      "photos": [],
      "content": "还可以，挺不错的，赞一个",
      "rateId": 1119813239746,
      "spuRatting": [],
      "auction": {
        "XID": "",
        "thumbnail": "",
        "link": "//item.taobao.com/auction/item_detail.htm?item_num_id=618032754582",
        "auctionPic": "",
        "auctionPrice": 599,
        "sku": "颜色分类:白色",
        "title": "HUAWEI/华为路由 Q2S 全千兆网口 双频wifi 上网保护 超级网组家用一键Mesh组网",
        "aucNumId": "618032754582"
      },
      "award": "",
      "rate": "此用户没有填写评价。",
      "creditFraudRule": 0,
      "appendCanExplainable": false,
      "from": "",
      "tag": "",
      "propertiesAvg": "",
      "reply": {
        "XID": "",
        "content": "喜欢是藏不住的，乍见之欢，久处不厌，时光美妙，华为与你一路相伴。"
      },
      "dayAfterConfirm": 0,
      "lastModifyFrom": 0,
      "bidPriceMoney": null,
      "noQna": false,
      "promotionType": "",
      "vicious": "",
      "enableSNS": false,
      "appendList": [],
      "XID": "",
      "buyAmount": 0,
      "showCuIcon": false,
      "serviceRate": null,
      "useful": 0,
      "user": {
        "nick": "啊******游",
        "vipLevel": 0,
        "displayRatePic": "b_red_5.gif",
        "nickUrl": "",
        "creditPic": "",
        "anony": true,
        "rank": 191,
        "avatar": "//assets.alicdn.com/app/sns/img/default/avatar-40.png",
        "vip": "",
        "userId": "",
        "rankUrl": ""
      },
      "append": null,
      "tradeId": ""
    },
    {
      "date": "2021.01.15",
      "shareInfo": null,
      "showDepositIcon": false,
      "o2oRate": null,
      "payTime": null,
      "mainTradeId": 0,
      "raterType": 0,
      "validscore": 0,
      "video": null,
      "photos": [],
      "content": "已经被拆过的了&hellip;&hellip;&hellip; ",
      "rateId": 1119452202511,
      "spuRatting": [],
      "auction": {
        "XID": "",
        "thumbnail": "",
        "link": "//item.taobao.com/auction/item_detail.htm?item_num_id=563634557329",
        "auctionPic": "",
        "auctionPrice": 49,
        "sku": "套餐类型:官方标配&nbsp;&nbsp颜色分类:白色",
        "title": "Huawei/华为半入耳式耳机AM115 高品质音效佩戴舒适华为原装耳机",
        "aucNumId": "563634557329"
      },
      "award": "",
      "rate": "此用户没有填写评价。",
      "creditFraudRule": 0,
      "appendCanExplainable": false,
      "from": "",
      "tag": "",
      "propertiesAvg": "",
      "reply": null,
      "dayAfterConfirm": 0,
      "lastModifyFrom": 0,
      "bidPriceMoney": null,
      "noQna": false,
      "promotionType": "",
      "vicious": "",
      "enableSNS": false,
      "appendList": [],
      "XID": "",
      "buyAmount": 0,
      "showCuIcon": false,
      "serviceRate": null,
      "useful": 0,
      "user": {
        "nick": "幼******丑",
        "vipLevel": 0,
        "displayRatePic": "b_blue_1.gif",
        "nickUrl": "",
        "creditPic": "",
        "anony": true,
        "rank": 289,
        "avatar": "//assets.alicdn.com/app/sns/img/default/avatar-40.png",
        "vip": "",
        "userId": "",
        "rankUrl": ""
      },
      "append": null,
      "tradeId": ""
    },
    {
      "date": "2021.01.15",
      "shareInfo": null,
      "showDepositIcon": false,
      "o2oRate": null,
      "payTime": null,
      "mainTradeId": 0,
      "raterType": 0,
      "validscore": 0,
      "video": null,
      "photos": [],
      "content": "好，好，好，<br/>\n哈哈哈<br/>\n很好用， ",
      "rateId": 1119046881881,
      "spuRatting": [],
      "auction": {
        "XID": "",
        "thumbnail": "",
        "link": "//item.taobao.com/auction/item_detail.htm?item_num_id=616634509001",
        "auctionPic": "",
        "auctionPrice": 2999,
        "sku": "网络类型:SA/NSA双模(5G)&nbsp;&nbsp机身颜色:绮境森林&nbsp;&nbsp套餐类型:官方标配&nbsp;&nbsp存储容量:8+128GB",
        "title": "Huawei/华为nova7 5G全面屏6400万麒麟985智能手机5g手机华为手机华为官方旗舰店",
        "aucNumId": "616634509001"
      },
      "award": "",
      "rate": "此用户没有填写评价。",
      "creditFraudRule": 0,
      "appendCanExplainable": false,
      "from": "",
      "tag": "",
      "propertiesAvg": "",
      "reply": {
        "XID": "",
        "content": "华途从此问云津，为君一奏琵琶行。加金添银华为归，油壁车轻郎马骢。"
      },
      "dayAfterConfirm": 0,
      "lastModifyFrom": 0,
      "bidPriceMoney": null,
      "noQna": false,
      "promotionType": "",
      "vicious": "",
      "enableSNS": false,
      "appendList": [],
      "XID": "",
      "buyAmount": 0,
      "showCuIcon": false,
      "serviceRate": null,
      "useful": 0,
      "user": {
        "nick": "1******9",
        "vipLevel": 0,
        "displayRatePic": "b_blue_1.gif",
        "nickUrl": "",
        "creditPic": "",
        "anony": true,
        "rank": 448,
        "avatar": "//assets.alicdn.com/app/sns/img/default/avatar-40.png",
        "vip": "",
        "userId": "",
        "rankUrl": ""
      },
      "append": null,
      "tradeId": ""
    },
    {
      "date": "2021.01.15",
      "shareInfo": null,
      "showDepositIcon": false,
      "o2oRate": null,
      "payTime": null,
      "mainTradeId": 0,
      "raterType": 0,
      "validscore": 0,
      "video": null,
      "photos": [],
      "content": "速度很快",
      "rateId": 1119813163425,
      "spuRatting": [],
      "auction": {
        "XID": "",
        "thumbnail": "",
        "link": "//item.taobao.com/auction/item_detail.htm?item_num_id=616633541220",
        "auctionPic": "",
        "auctionPrice": 3699,
        "sku": "网络类型:SA/NSA双模(5G)&nbsp;&nbsp机身颜色:亮黑色&nbsp;&nbsp套餐类型:官方标配&nbsp;&nbsp存储容量:8+128GB",
        "title": "Huawei/华为nova7 Pro 5G 追焦双摄曲面屏麒麟985 5g智能华为手机华为官方旗舰店",
        "aucNumId": "616633541220"
      },
      "award": "",
      "rate": "此用户没有填写评价。",
      "creditFraudRule": 0,
      "appendCanExplainable": false,
      "from": "",
      "tag": "",
      "propertiesAvg": "",
      "reply": {
        "XID": "",
        "content": "寻寻觅觅，跨越千山万水之间，注定和您相遇。注定带给您一段美丽的旅程。或许岁月将往事褪色，或许空间将彼此隔离，但值得珍惜的依然是您对华为的情谊~"
      },
      "dayAfterConfirm": 0,
      "lastModifyFrom": 0,
      "bidPriceMoney": null,
      "noQna": false,
      "promotionType": "",
      "vicious": "",
      "enableSNS": false,
      "appendList": [],
      "XID": "",
      "buyAmount": 0,
      "showCuIcon": false,
      "serviceRate": null,
      "useful": 0,
      "user": {
        "nick": "爱******英",
        "vipLevel": 2,
        "displayRatePic": "b_red_5.gif",
        "nickUrl": "",
        "creditPic": "",
        "anony": true,
        "rank": 214,
        "avatar": "//assets.alicdn.com/app/sns/img/default/avatar-40.png",
        "vip": "",
        "userId": "",
        "rankUrl": ""
      },
      "append": null,
      "tradeId": ""
    },
    {
      "date": "2021.01.15",
      "shareInfo": null,
      "showDepositIcon": false,
      "o2oRate": null,
      "payTime": null,
      "mainTradeId": 0,
      "raterType": 0,
      "validscore": 0,
      "video": null,
      "photos": [],
      "content": "华为牛*!!!!",
      "rateId": 1119046793773,
      "spuRatting": [],
      "auction": {
        "XID": "",
        "thumbnail": "",
        "link": "//item.taobao.com/auction/item_detail.htm?item_num_id=629304006937",
        "auctionPic": "",
        "auctionPrice": 6499,
        "sku": "网络类型:SA/NSA双模(5G)&nbsp;&nbsp机身颜色:亮黑色&nbsp;&nbsp套餐类型:官方标配&nbsp;&nbsp存储容量:8+128GB",
        "title": "【直播专属】华为/HUAWEI Mate 40 Pro 5nm麒麟9000旗舰SoC芯片超感知徕卡电影影像华为华为官",
        "aucNumId": "629304006937"
      },
      "award": "",
      "rate": "此用户没有填写评价。",
      "creditFraudRule": 0,
      "appendCanExplainable": false,
      "from": "",
      "tag": "",
      "propertiesAvg": "",
      "reply": {
        "XID": "",
        "content": "心中的小鹿滴答撞，星光闪亮，把你的评语都收藏，不可分享，对你的爱都不用讲，想陪你清晨和夕阳，在流星滑落的瞬间，许下愿望。"
      },
      "dayAfterConfirm": 0,
      "lastModifyFrom": 0,
      "bidPriceMoney": null,
      "noQna": false,
      "promotionType": "",
      "vicious": "",
      "enableSNS": false,
      "appendList": [],
      "XID": "",
      "buyAmount": 0,
      "showCuIcon": false,
      "serviceRate": null,
      "useful": 0,
      "user": {
        "nick": "夏******泽",
        "vipLevel": 0,
        "displayRatePic": "b_red_3.gif",
        "nickUrl": "",
        "creditPic": "",
        "anony": true,
        "rank": 80,
        "avatar": "//assets.alicdn.com/app/sns/img/default/avatar-40.png",
        "vip": "",
        "userId": "",
        "rankUrl": ""
      },
      "append": null,
      "tradeId": ""
    },
    {
      "date": "2021.01.15",
      "shareInfo": null,
      "showDepositIcon": false,
      "o2oRate": null,
      "payTime": null,
      "mainTradeId": 0,
      "raterType": 0,
      "validscore": 0,
      "video": null,
      "photos": [],
      "content": "外观设计漂亮，手感不错，很流畅，服务态度一流，给力！5星好评！",
      "rateId": 1119451870641,
      "spuRatting": [],
      "auction": {
        "XID": "",
        "thumbnail": "",
        "link": "//item.taobao.com/auction/item_detail.htm?item_num_id=634055546378",
        "auctionPic": "",
        "auctionPrice": 4999,
        "sku": "网络类型:SA/NSA双模(5G)&nbsp;&nbsp机身颜色:釉白色&nbsp;&nbsp套餐类型:官方标配&nbsp;&nbsp存储容量:8+128GB",
        "title": "【新品上市】华为/HUAWEI Mate 40 5nm麒麟9000E 5G SoC旗舰芯片超感知徕卡影像华为手机华为",
        "aucNumId": "634055546378"
      },
      "award": "",
      "rate": "此用户没有填写评价。",
      "creditFraudRule": 0,
      "appendCanExplainable": false,
      "from": "",
      "tag": "",
      "propertiesAvg": "",
      "reply": {
        "XID": "",
        "content": "君之大才，字字珠玑，洋洋洒洒，一番话只教人感激涕零。世间千里马常有，而伯乐不常有，今有君慧眼识华为之产品，华为愿以完善之服务，诚恳之态度，高上之品质，兢兢业业，如霆如雷，以报君赞赏之恩。愿君事事如意千般好，幸福美满万年长！"
      },
      "dayAfterConfirm": 0,
      "lastModifyFrom": 0,
      "bidPriceMoney": null,
      "noQna": false,
      "promotionType": "",
      "vicious": "",
      "enableSNS": false,
      "appendList": [],
      "XID": "",
      "buyAmount": 0,
      "showCuIcon": false,
      "serviceRate": null,
      "useful": 0,
      "user": {
        "nick": "a******g",
        "vipLevel": 0,
        "displayRatePic": "b_blue_1.gif",
        "nickUrl": "",
        "creditPic": "",
        "anony": true,
        "rank": 442,
        "avatar": "//assets.alicdn.com/app/sns/img/default/avatar-40.png",
        "vip": "",
        "userId": "",
        "rankUrl": ""
      },
      "append": null,
      "tradeId": ""
    },
    {
      "date": "2021.01.15",
      "shareInfo": null,
      "showDepositIcon": false,
      "o2oRate": null,
      "payTime": null,
      "mainTradeId": 0,
      "raterType": 0,
      "validscore": 0,
      "video": null,
      "photos": [],
      "content": "等了好久总算等到了，没有让我白等，手机手感很不错，值得入手 ",
      "rateId": 1118633512319,
      "spuRatting": [],
      "auction": {
        "XID": "",
        "thumbnail": "",
        "link": "//item.taobao.com/auction/item_detail.htm?item_num_id=634055546378",
        "auctionPic": "",
        "auctionPrice": 5499,
        "sku": "网络类型:SA/NSA双模(5G)&nbsp;&nbsp机身颜色:秘银色&nbsp;&nbsp套餐类型:官方标配&nbsp;&nbsp存储容量:8+256GB",
        "title": "【礼遇价】【新品上市】华为/HUAWEI Mate 40 5nm麒麟9000E 5G SoC旗舰芯片超感知徕卡影像华",
        "aucNumId": "634055546378"
      },
      "award": "",
      "rate": "此用户没有填写评价。",
      "creditFraudRule": 0,
      "appendCanExplainable": false,
      "from": "",
      "tag": "",
      "propertiesAvg": "",
      "reply": null,
      "dayAfterConfirm": 0,
      "lastModifyFrom": 0,
      "bidPriceMoney": null,
      "noQna": false,
      "promotionType": "",
      "vicious": "",
      "enableSNS": false,
      "appendList": [],
      "XID": "",
      "buyAmount": 0,
      "showCuIcon": false,
      "serviceRate": null,
      "useful": 0,
      "user": {
        "nick": "b******u",
        "vipLevel": 0,
        "displayRatePic": "b_red_5.gif",
        "nickUrl": "",
        "creditPic": "",
        "anony": true,
        "rank": 195,
        "avatar": "//assets.alicdn.com/app/sns/img/default/avatar-40.png",
        "vip": "",
        "userId": "",
        "rankUrl": ""
      },
      "append": null,
      "tradeId": ""
    },
    {
      "date": "2021.01.15",
      "shareInfo": null,
      "showDepositIcon": false,
      "o2oRate": null,
      "payTime": null,
      "mainTradeId": 0,
      "raterType": 0,
      "validscore": 0,
      "video": null,
      "photos": [],
      "content": "昨天拍的今天就到货了，开心，真的很漂亮，喜欢😍",
      "rateId": 1119046841413,
      "spuRatting": [],
      "auction": {
        "XID": "",
        "thumbnail": "",
        "link": "//item.taobao.com/auction/item_detail.htm?item_num_id=613832301513",
        "auctionPic": "",
        "auctionPrice": 4488,
        "sku": "网络类型:SA/NSA双模(5G)&nbsp;&nbsp机身颜色:零度白&nbsp;&nbsp套餐类型:官方标配&nbsp;&nbsp存储容量:8+128GB",
        "title": "【限时抢购】华为/HUAWEI P40 | 5GSoC芯片超感知徕卡三摄华为p40 5g手机华为官方旗舰店",
        "aucNumId": "613832301513"
      },
      "award": "",
      "rate": "此用户没有填写评价。",
      "creditFraudRule": 0,
      "appendCanExplainable": false,
      "from": "",
      "tag": "",
      "propertiesAvg": "",
      "reply": {
        "XID": "",
        "content": "这位兄弟，能把你手上的华为产品左右移动吗?我眼睛好像被什么东西吸定住了，难道这就是传说中的美遁：吸睛之术?脖子有点僵，行行好左右挪挪呗。"
      },
      "dayAfterConfirm": 0,
      "lastModifyFrom": 0,
      "bidPriceMoney": null,
      "noQna": false,
      "promotionType": "",
      "vicious": "",
      "enableSNS": false,
      "appendList": [],
      "XID": "",
      "buyAmount": 0,
      "showCuIcon": false,
      "serviceRate": null,
      "useful": 0,
      "user": {
        "nick": "t******4",
        "vipLevel": 0,
        "displayRatePic": "",
        "nickUrl": "",
        "creditPic": "",
        "anony": true,
        "rank": 2,
        "avatar": "//assets.alicdn.com/app/sns/img/default/avatar-40.png",
        "vip": "",
        "userId": "",
        "rankUrl": ""
      },
      "append": null,
      "tradeId": ""
    },
    {
      "date": "2021.01.15",
      "shareInfo": null,
      "showDepositIcon": false,
      "o2oRate": null,
      "payTime": null,
      "mainTradeId": 0,
      "raterType": 0,
      "validscore": 0,
      "video": null,
      "photos": [],
      "content": "发货很快，物流极速，手环包装完好，颜色鲜亮",
      "rateId": 1119812863863,
      "spuRatting": [],
      "auction": {
        "XID": "",
        "thumbnail": "",
        "link": "//item.taobao.com/auction/item_detail.htm?item_num_id=603327513030",
        "auctionPic": "",
        "auctionPrice": 199,
        "sku": "颜色分类:赤茶橘",
        "title": "【血氧检测】Huawei/华为 华为手环4 心率监测 睡眠健康管理 运动智能手环",
        "aucNumId": "603327513030"
      },
      "award": "",
      "rate": "此用户没有填写评价。",
      "creditFraudRule": 0,
      "appendCanExplainable": false,
      "from": "",
      "tag": "",
      "propertiesAvg": "",
      "reply": null,
      "dayAfterConfirm": 0,
      "lastModifyFrom": 0,
      "bidPriceMoney": null,
      "noQna": false,
      "promotionType": "",
      "vicious": "",
      "enableSNS": false,
      "appendList": [],
      "XID": "",
      "buyAmount": 0,
      "showCuIcon": false,
      "serviceRate": null,
      "useful": 0,
      "user": {
        "nick": "g******s",
        "vipLevel": 1,
        "displayRatePic": "b_red_3.gif",
        "nickUrl": "",
        "creditPic": "",
        "anony": true,
        "rank": 72,
        "avatar": "//assets.alicdn.com/app/sns/img/default/avatar-40.png",
        "vip": "",
        "userId": "",
        "rankUrl": ""
      },
      "append": null,
      "tradeId": ""
    },
    {
      "date": "2021.01.15",
      "shareInfo": null,
      "showDepositIcon": false,
      "o2oRate": null,
      "payTime": null,
      "mainTradeId": 0,
      "raterType": 0,
      "validscore": 0,
      "video": null,
      "photos": [],
      "content": "发货很快，物流极速，手环包装完好",
      "rateId": 1119812863861,
      "spuRatting": [],
      "auction": {
        "XID": "",
        "thumbnail": "",
        "link": "//item.taobao.com/auction/item_detail.htm?item_num_id=603327513030",
        "auctionPic": "",
        "auctionPrice": 199,
        "sku": "颜色分类:曜石黑",
        "title": "【血氧检测】Huawei/华为 华为手环4 心率监测 睡眠健康管理 运动智能手环",
        "aucNumId": "603327513030"
      },
      "award": "",
      "rate": "此用户没有填写评价。",
      "creditFraudRule": 0,
      "appendCanExplainable": false,
      "from": "",
      "tag": "",
      "propertiesAvg": "",
      "reply": null,
      "dayAfterConfirm": 0,
      "lastModifyFrom": 0,
      "bidPriceMoney": null,
      "noQna": false,
      "promotionType": "",
      "vicious": "",
      "enableSNS": false,
      "appendList": [],
      "XID": "",
      "buyAmount": 0,
      "showCuIcon": false,
      "serviceRate": null,
      "useful": 0,
      "user": {
        "nick": "g******s",
        "vipLevel": 1,
        "displayRatePic": "b_red_3.gif",
        "nickUrl": "",
        "creditPic": "",
        "anony": true,
        "rank": 72,
        "avatar": "//assets.alicdn.com/app/sns/img/default/avatar-40.png",
        "vip": "",
        "userId": "",
        "rankUrl": ""
      },
      "append": null,
      "tradeId": ""
    },
    {
      "date": "2021.01.15",
      "shareInfo": null,
      "showDepositIcon": false,
      "o2oRate": null,
      "payTime": null,
      "mainTradeId": 0,
      "raterType": 0,
      "validscore": 0,
      "video": null,
      "photos": [],
      "content": "宝贝收到了，卖家发货很快，物流也非常给力,客服服务态度极好，很有耐心、给人一种亲切感，好喜欢。还有包装精美，高端大气上档次;看得出来商家很用心。宝贝真心不错，与图片相符，没有任何差异，真的是物超所值，物美价廉啊。质量很好，下次还会再关顾!快递很给力，好评！发货快性价比高，给满分好评！我买东西习惯默默拍下，没有太大的问题是不会去询问客服，当然如果产品有问题，我是不会发表这条言论的。在此希望店主越做越好，回头客多多。很不错的购物体验，对比好多家最后选择了这家，果然很安心!客服也很负责，很耐心的给了推荐，即时回答问题!很赞!关键是东东很满意!值得推荐!还在犹豫的朋友们可以下手了!<br/>\n<br/>\n ",
      "rateId": 1119812979636,
      "spuRatting": [],
      "auction": {
        "XID": "",
        "thumbnail": "",
        "link": "//item.taobao.com/auction/item_detail.htm?item_num_id=628318379125",
        "auctionPic": "",
        "auctionPrice": 2388,
        "sku": "表系列:时尚款-星云灰&nbsp;&nbsp表壳尺寸:46mm",
        "title": "【新品上市 】华为/HUAWEI WATCH GT 2 Pro 蓝宝石玻璃 手表健康管理 两周续航专业运动 心脏健康",
        "aucNumId": "628318379125"
      },
      "award": "",
      "rate": "此用户没有填写评价。",
      "creditFraudRule": 0,
      "appendCanExplainable": false,
      "from": "",
      "tag": "",
      "propertiesAvg": "",
      "reply": null,
      "dayAfterConfirm": 0,
      "lastModifyFrom": 0,
      "bidPriceMoney": null,
      "noQna": false,
      "promotionType": "",
      "vicious": "",
      "enableSNS": false,
      "appendList": [],
      "XID": "",
      "buyAmount": 0,
      "showCuIcon": false,
      "serviceRate": null,
      "useful": 0,
      "user": {
        "nick": "个******7",
        "vipLevel": 4,
        "displayRatePic": "b_blue_1.gif",
        "nickUrl": "",
        "creditPic": "",
        "anony": true,
        "rank": 416,
        "avatar": "//assets.alicdn.com/app/sns/img/default/avatar-40.png",
        "vip": "b_red_1.gif",
        "userId": "",
        "rankUrl": ""
      },
      "append": null,
      "tradeId": ""
    },
    {
      "date": "2021.01.15",
      "shareInfo": null,
      "showDepositIcon": false,
      "o2oRate": null,
      "payTime": null,
      "mainTradeId": 0,
      "raterType": 0,
      "validscore": 0,
      "video": null,
      "photos": [],
      "content": "宝贝收到了，卖家发货很快，物流也非常给力,客服服务态度极好，很有耐心、给人一种亲切感，好喜欢。还有包装精美，高端大气上档次;看得出来商家很用心。宝贝真心不错，与图片相符，没有任何差异，真的是物超所值，物美价廉啊。质量很好，下次还会再关顾!快递很给力，好评！发货快性价比高，给满分好评！我买东西习惯默默拍下，没有太大的问题是不会去询问客服，当然如果产品有问题，我是不会发表这条言论的。在此希望店主越做越好，回头客多多。很不错的购物体验，对比好多家最后选择了这家，果然很安心!客服也很负责，很耐心的给了推荐，即时回答问题!很赞!关键是东东很满意!值得推荐!还在犹豫的朋友们可以下手了!<br/>\n<br/>\n<br/>\n ",
      "rateId": 1119046893076,
      "spuRatting": [],
      "auction": {
        "XID": "",
        "thumbnail": "",
        "link": "//item.taobao.com/auction/item_detail.htm?item_num_id=628318583027",
        "auctionPic": "",
        "auctionPrice": 2688,
        "sku": "表系列:黑色&nbsp;&nbsp表壳尺寸:46mm",
        "title": "【新品预定】华为/HUAWEI WATCH GT 2 Pro ECG款记录精准心电图数据 专家解读 血氧监测",
        "aucNumId": "628318583027"
      },
      "award": "",
      "rate": "此用户没有填写评价。",
      "creditFraudRule": 0,
      "appendCanExplainable": false,
      "from": "",
      "tag": "",
      "propertiesAvg": "",
      "reply": null,
      "dayAfterConfirm": 0,
      "lastModifyFrom": 0,
      "bidPriceMoney": null,
      "noQna": false,
      "promotionType": "",
      "vicious": "",
      "enableSNS": false,
      "appendList": [],
      "XID": "",
      "buyAmount": 0,
      "showCuIcon": false,
      "serviceRate": null,
      "useful": 0,
      "user": {
        "nick": "个******7",
        "vipLevel": 4,
        "displayRatePic": "b_blue_1.gif",
        "nickUrl": "",
        "creditPic": "",
        "anony": true,
        "rank": 416,
        "avatar": "//assets.alicdn.com/app/sns/img/default/avatar-40.png",
        "vip": "b_red_1.gif",
        "userId": "",
        "rankUrl": ""
      },
      "append": null,
      "tradeId": ""
    },
    {
      "date": "2021.01.15",
      "shareInfo": null,
      "showDepositIcon": false,
      "o2oRate": null,
      "payTime": null,
      "mainTradeId": 0,
      "raterType": 0,
      "validscore": 0,
      "video": null,
      "photos": [],
      "content": "用了几天 目前还没有什么问题 充电很快 满意 ",
      "rateId": 1119812943471,
      "spuRatting": [],
      "auction": {
        "XID": "",
        "thumbnail": "",
        "link": "//item.taobao.com/auction/item_detail.htm?item_num_id=633665800647",
        "auctionPic": "",
        "auctionPrice": 3249,
        "sku": "网络类型:SA/NSA双模(5G)&nbsp;&nbsp机身颜色:亮黑色&nbsp;&nbsp套餐类型:官方标配&nbsp;&nbsp存储容量:8+128GB",
        "title": "【预定优惠50元】Huawei/华为nova 8麒麟芯片66W超级快充90Hz曲面屏5g手机华为手机华为官方旗舰店华",
        "aucNumId": "633665800647"
      },
      "award": "",
      "rate": "此用户没有填写评价。",
      "creditFraudRule": 0,
      "appendCanExplainable": false,
      "from": "",
      "tag": "",
      "propertiesAvg": "",
      "reply": null,
      "dayAfterConfirm": 0,
      "lastModifyFrom": 0,
      "bidPriceMoney": null,
      "noQna": false,
      "promotionType": "",
      "vicious": "",
      "enableSNS": false,
      "appendList": [],
      "XID": "",
      "buyAmount": 0,
      "showCuIcon": false,
      "serviceRate": null,
      "useful": 0,
      "user": {
        "nick": "k******持",
        "vipLevel": 0,
        "displayRatePic": "b_blue_3.gif",
        "nickUrl": "",
        "creditPic": "",
        "anony": true,
        "rank": 1127,
        "avatar": "//assets.alicdn.com/app/sns/img/default/avatar-40.png",
        "vip": "",
        "userId": "",
        "rankUrl": ""
      },
      "append": null,
      "tradeId": ""
    },
    {
      "date": "2021.01.15",
      "shareInfo": null,
      "showDepositIcon": false,
      "o2oRate": null,
      "payTime": null,
      "mainTradeId": 0,
      "raterType": 0,
      "validscore": 0,
      "video": null,
      "photos": [],
      "content": "还没我那个TP快，先用吧",
      "rateId": 1119812647799,
      "spuRatting": [],
      "auction": {
        "XID": "",
        "thumbnail": "",
        "link": "//item.taobao.com/auction/item_detail.htm?item_num_id=614797838134",
        "auctionPic": "",
        "auctionPrice": 349,
        "sku": "套餐类型:标准配置&nbsp;&nbsp颜色分类:黑色",
        "title": "华为路由AX3Pro四核wifi 6+千兆端口3000M无线速率上网保护碰联网学生家用高速路由5G双频",
        "aucNumId": "614797838134"
      },
      "award": "",
      "rate": "此用户没有填写评价。",
      "creditFraudRule": 0,
      "appendCanExplainable": false,
      "from": "",
      "tag": "",
      "propertiesAvg": "",
      "reply": {
        "XID": "",
        "content": "山外青山楼外楼，客服来了您别愁~请先确认一下路由器是否开启了IPV6，如果开启了IPV6，请关闭IPV6并重启路由器。然后，由于手机的蓝牙也会对上网有影响，如果开启了蓝牙，也请关闭蓝牙。此外，可以尝试更换Wi-Fi信道，如果原来的Wi-Fi信道是157信道，将其改为36信道后再体验下上网效果。若后续有疑问，记得找客服，愿您拥一份从容心情，赏一路美好风景！"
      },
      "dayAfterConfirm": 0,
      "lastModifyFrom": 0,
      "bidPriceMoney": null,
      "noQna": false,
      "promotionType": "",
      "vicious": "",
      "enableSNS": false,
      "appendList": [],
      "XID": "",
      "buyAmount": 0,
      "showCuIcon": false,
      "serviceRate": null,
      "useful": 0,
      "user": {
        "nick": "o******3",
        "vipLevel": 2,
        "displayRatePic": "b_blue_1.gif",
        "nickUrl": "",
        "creditPic": "",
        "anony": true,
        "rank": 493,
        "avatar": "//assets.alicdn.com/app/sns/img/default/avatar-40.png",
        "vip": "",
        "userId": "",
        "rankUrl": ""
      },
      "append": null,
      "tradeId": ""
    },
    {
      "date": "2021.01.15",
      "shareInfo": null,
      "showDepositIcon": false,
      "o2oRate": null,
      "payTime": null,
      "mainTradeId": 0,
      "raterType": 0,
      "validscore": 0,
      "video": null,
      "photos": [],
      "content": "送给家人的，家人很喜欢",
      "rateId": 1119046437714,
      "spuRatting": [],
      "auction": {
        "XID": "",
        "thumbnail": "",
        "link": "//item.taobao.com/auction/item_detail.htm?item_num_id=616634509001",
        "auctionPic": "",
        "auctionPrice": 3399,
        "sku": "网络类型:SA/NSA双模(5G)&nbsp;&nbsp机身颜色:7号色&nbsp;&nbsp套餐类型:官方标配&nbsp;&nbsp存储容量:8+256GB",
        "title": "Huawei/华为nova7 5G全面屏6400万麒麟985智能手机5g手机华为手机华为官方旗舰店",
        "aucNumId": "616634509001"
      },
      "award": "",
      "rate": "此用户没有填写评价。",
      "creditFraudRule": 0,
      "appendCanExplainable": false,
      "from": "",
      "tag": "",
      "propertiesAvg": "",
      "reply": {
        "XID": "",
        "content": "我也想放下手机多陪陪父母，可当我放下手机后，发现父母手里拿着我刚给他们买的华为手机，看他们那么开心的“亚子”。我就知道我的选择没错。"
      },
      "dayAfterConfirm": 0,
      "lastModifyFrom": 0,
      "bidPriceMoney": null,
      "noQna": false,
      "promotionType": "",
      "vicious": "",
      "enableSNS": false,
      "appendList": [],
      "XID": "",
      "buyAmount": 0,
      "showCuIcon": false,
      "serviceRate": null,
      "useful": 0,
      "user": {
        "nick": "逃******i",
        "vipLevel": 2,
        "displayRatePic": "b_blue_2.gif",
        "nickUrl": "",
        "creditPic": "",
        "anony": true,
        "rank": 577,
        "avatar": "//assets.alicdn.com/app/sns/img/default/avatar-40.png",
        "vip": "",
        "userId": "",
        "rankUrl": ""
      },
      "append": null,
      "tradeId": ""
    },
    {
      "date": "2021.01.15",
      "shareInfo": null,
      "showDepositIcon": false,
      "o2oRate": null,
      "payTime": null,
      "mainTradeId": 0,
      "raterType": 0,
      "validscore": 0,
      "video": null,
      "photos": [],
      "content": "等了好久终于等到，没有手机给他拍照了，已经开始用上了，HUAWEI是真不错啊，支持国产，支持任总。👍",
      "rateId": 1118633148528,
      "spuRatting": [],
      "auction": {
        "XID": "",
        "thumbnail": "",
        "link": "//item.taobao.com/auction/item_detail.htm?item_num_id=633666048444",
        "auctionPic": "",
        "auctionPrice": 3949,
        "sku": "网络类型:SA/NSA双模(5G)&nbsp;&nbsp机身颜色:亮黑色&nbsp;&nbsp套餐类型:官方标配&nbsp;&nbsp存储容量:8+128GB",
        "title": "【预定优惠50】Huawei/华为nova 8 Pro麒麟芯片66W超级快充120Hz屏5g手机华为手机华为官方旗舰",
        "aucNumId": "633666048444"
      },
      "award": "",
      "rate": "此用户没有填写评价。",
      "creditFraudRule": 0,
      "appendCanExplainable": false,
      "from": "",
      "tag": "",
      "propertiesAvg": "",
      "reply": null,
      "dayAfterConfirm": 0,
      "lastModifyFrom": 0,
      "bidPriceMoney": null,
      "noQna": false,
      "promotionType": "",
      "vicious": "",
      "enableSNS": false,
      "appendList": [],
      "XID": "",
      "buyAmount": 0,
      "showCuIcon": false,
      "serviceRate": null,
      "useful": 0,
      "user": {
        "nick": "我******要",
        "vipLevel": 0,
        "displayRatePic": "b_red_2.gif",
        "nickUrl": "",
        "creditPic": "",
        "anony": true,
        "rank": 39,
        "avatar": "//assets.alicdn.com/app/sns/img/default/avatar-40.png",
        "vip": "",
        "userId": "",
        "rankUrl": ""
      },
      "append": null,
      "tradeId": ""
    },
    {
      "date": "2021.01.15",
      "shareInfo": null,
      "showDepositIcon": false,
      "o2oRate": null,
      "payTime": null,
      "mainTradeId": 0,
      "raterType": 0,
      "validscore": 0,
      "video": null,
      "photos": [],
      "content": "给老婆买的，用着应该还不错。 ",
      "rateId": 1119451474292,
      "spuRatting": [],
      "auction": {
        "XID": "",
        "thumbnail": "",
        "link": "//item.taobao.com/auction/item_detail.htm?item_num_id=634055546378",
        "auctionPic": "",
        "auctionPrice": 4999,
        "sku": "网络类型:SA/NSA双模(5G)&nbsp;&nbsp机身颜色:釉白色&nbsp;&nbsp套餐类型:官方标配&nbsp;&nbsp存储容量:8+128GB",
        "title": "【新品上市】华为/HUAWEI Mate 40 5nm麒麟9000E 5G SoC旗舰芯片超感知徕卡影像华为手机华为",
        "aucNumId": "634055546378"
      },
      "award": "",
      "rate": "此用户没有填写评价。",
      "creditFraudRule": 0,
      "appendCanExplainable": false,
      "from": "",
      "tag": "",
      "propertiesAvg": "",
      "reply": null,
      "dayAfterConfirm": 0,
      "lastModifyFrom": 0,
      "bidPriceMoney": null,
      "noQna": false,
      "promotionType": "",
      "vicious": "",
      "enableSNS": false,
      "appendList": [],
      "XID": "",
      "buyAmount": 0,
      "showCuIcon": false,
      "serviceRate": null,
      "useful": 0,
      "user": {
        "nick": "袋******递",
        "vipLevel": 0,
        "displayRatePic": "b_blue_1.gif",
        "nickUrl": "",
        "creditPic": "",
        "anony": true,
        "rank": 387,
        "avatar": "//assets.alicdn.com/app/sns/img/default/avatar-40.png",
        "vip": "",
        "userId": "",
        "rankUrl": ""
      },
      "append": null,
      "tradeId": ""
    },
    {
      "date": "2021.01.15",
      "shareInfo": null,
      "showDepositIcon": false,
      "o2oRate": null,
      "payTime": null,
      "mainTradeId": 0,
      "raterType": 0,
      "validscore": 0,
      "video": null,
      "photos": [],
      "content": "华为的质量自然不用说，外观漂亮，速度杠杠的 ",
      "rateId": 1118632336647,
      "spuRatting": [],
      "auction": {
        "XID": "",
        "thumbnail": "",
        "link": "//item.taobao.com/auction/item_detail.htm?item_num_id=607884046949",
        "auctionPic": "",
        "auctionPrice": 3999,
        "sku": "颜色分类:夜阑灰&nbsp;&nbsp网络类型:WIFI&nbsp;&nbsp存储容量:8GB+256GB&nbsp;&nbsp套餐类型:官方标配",
        "title": "Huawei/华为 HUAWEI MatePad Pro平板电脑 轻薄全面屏办公学习娱乐智能平板",
        "aucNumId": "607884046949"
      },
      "award": "",
      "rate": "此用户没有填写评价。",
      "creditFraudRule": 0,
      "appendCanExplainable": false,
      "from": "",
      "tag": "",
      "propertiesAvg": "",
      "reply": {
        "XID": "",
        "content": "岁月如斯，了然于胸，华为与您秉烛执手，编辑记忆，跋涉心灵轨迹。走出尘世喧嚣，缘结地老天荒。待小荷风情初窦，与天地之生灵，吟咏！"
      },
      "dayAfterConfirm": 0,
      "lastModifyFrom": 0,
      "bidPriceMoney": null,
      "noQna": false,
      "promotionType": "",
      "vicious": "",
      "enableSNS": false,
      "appendList": [],
      "XID": "",
      "buyAmount": 0,
      "showCuIcon": false,
      "serviceRate": null,
      "useful": 0,
      "user": {
        "nick": "久******2",
        "vipLevel": 3,
        "displayRatePic": "b_blue_2.gif",
        "nickUrl": "",
        "creditPic": "",
        "anony": true,
        "rank": 593,
        "avatar": "//assets.alicdn.com/app/sns/img/default/avatar-40.png",
        "vip": "",
        "userId": "",
        "rankUrl": ""
      },
      "append": null,
      "tradeId": ""
    },
    {
      "date": "2021.01.15",
      "shareInfo": null,
      "showDepositIcon": false,
      "o2oRate": null,
      "payTime": null,
      "mainTradeId": 0,
      "raterType": 0,
      "validscore": 0,
      "video": null,
      "photos": [],
      "content": "买给妈妈用的，妈妈挺喜欢的，妈妈说就要支持国货，支持华为，冲冲冲啊。",
      "rateId": 1119451114373,
      "spuRatting": [],
      "auction": {
        "XID": "",
        "thumbnail": "",
        "link": "//item.taobao.com/auction/item_detail.htm?item_num_id=634055546378",
        "auctionPic": "",
        "auctionPrice": 4999,
        "sku": "网络类型:SA/NSA双模(5G)&nbsp;&nbsp机身颜色:秘银色&nbsp;&nbsp套餐类型:官方标配&nbsp;&nbsp存储容量:8+128GB",
        "title": "【新品上市】华为/HUAWEI Mate 40 5nm麒麟9000E 5G SoC旗舰芯片超感知徕卡影像华为手机华为",
        "aucNumId": "634055546378"
      },
      "award": "",
      "rate": "此用户没有填写评价。",
      "creditFraudRule": 0,
      "appendCanExplainable": false,
      "from": "",
      "tag": "",
      "propertiesAvg": "",
      "reply": null,
      "dayAfterConfirm": 0,
      "lastModifyFrom": 0,
      "bidPriceMoney": null,
      "noQna": false,
      "promotionType": "",
      "vicious": "",
      "enableSNS": false,
      "appendList": [],
      "XID": "",
      "buyAmount": 0,
      "showCuIcon": false,
      "serviceRate": null,
      "useful": 0,
      "user": {
        "nick": "t******0",
        "vipLevel": 0,
        "displayRatePic": "b_red_3.gif",
        "nickUrl": "",
        "creditPic": "",
        "anony": true,
        "rank": 47,
        "avatar": "//assets.alicdn.com/app/sns/img/default/avatar-40.png",
        "vip": "",
        "userId": "",
        "rankUrl": ""
      },
      "append": null,
      "tradeId": ""
    }
  ],
  "currentPageNum": 1,
  "maxPage": 5
}
